{"loss":7.21875,"_timestamp":1.74545170310176e+09,"_runtime":200.473128598,"_step":639,"_wandb":{"runtime":202}}