{"_timestamp":1.745492269144344e+09,"_runtime":852.107125781,"_step":799,"_wandb":{"runtime":855},"loss":2.765625}