{"_wandb":{"runtime":8},"loss":15.4375,"_timestamp":1.7454891667745223e+09,"_runtime":6.880546091,"_step":0}